{
  "ISO code": "iso_code",
  "Country": "country",
  "Year": "year",
  "Annual CO2 emissions": "co2",
  "Annual consumption-based CO2 emissions": "consumption_co2",
  "Annual CO2 emissions growth (abs)": "co2_growth_abs",
  "Annual CO2 emissions growth (%)": "co2_growth_prct",
  "Annual CO2 emissions embedded in trade": "trade_co2",
  "Share of annual CO2 emissions embedded in trade": "trade_co2_share",
  "Annual CO2 emissions (per capita)": "co2_per_capita",
  "Annual consumption-based CO2 emissions (per capita)": "consumption_co2_per_capita",
  "Share of global annual CO2 emissions": "share_global_co2",
  "Cumulative CO2 emissions": "cumulative_co2",
  "Share of global cumulative CO2 emissions": "share_global_cumulative_co2",
  "Annual CO2 emissions per GDP (kg per $PPP)": "co2_per_gdp",
  "Annual consumption-based CO2 emissions per GDP (kg per $PPP)": "consumption_co2_per_gdp",
  "Annual CO2 emissions per unit energy (kg per kilowatt-hour)": "co2_per_unit_energy",
  "Annual CO2 emissions from cement": "cement_co2",
  "Annual CO2 emissions from coal": "coal_co2",
  "Annual CO2 emissions from oil": "oil_co2",
  "Annual CO2 emissions from gas": "gas_co2",
  "Annual CO2 emissions from flaring": "flaring_co2",
  "Annual CO2 emissions from other industry": "other_industry_co2",
  "Annual CO2 emissions from cement (per capita)": "cement_co2_per_capita",
  "Annual CO2 emissions from coal (per capita)": "coal_co2_per_capita",
  "Annual CO2 emissions from oil (per capita)": "oil_co2_per_capita",
  "Annual CO2 emissions from gas (per capita)": "gas_co2_per_capita",
  "Annual CO2 emissions from flaring (per capita)": "flaring_co2_per_capita",
  "Annual CO2 emissions from other industry (per capita)": "other_co2_per_capita",
  "Share of global annual CO2 emissions from coal": "share_global_coal_co2",
  "Share of global annual CO2 emissions from oil": "share_global_oil_co2",
  "Share of global annual CO2 emissions from gas": "share_global_gas_co2",
  "Share of global annual CO2 emissions from flaring": "share_global_flaring_co2",
  "Share of global annual CO2 emissions from cement": "share_global_cement_co2",
  "Share of global annual CO2 emissions from other industry": "share_global_other_co2",
  "Cumulative CO2 emissions from coal": "cumulative_coal_co2",
  "Cumulative CO2 emissions from oil": "cumulative_oil_co2",
  "Cumulative CO2 emissions from gas": "cumulative_gas_co2",
  "Cumulative CO2 emissions from flaring": "cumulative_flaring_co2",
  "Cumulative CO2 emissions from cement": "cumulative_cement_co2",
  "Cumulative CO2 emissions from other industry": "cumulative_other_co2",
  "Share of global cumulative CO2 emissions from coal": "share_global_cumulative_coal_co2",
  "Share of global cumulative CO2 emissions from oil": "share_global_cumulative_oil_co2",
  "Share of global cumulative CO2 emissions from gas": "share_global_cumulative_gas_co2",
  "Share of global cumulative CO2 emissions from flaring": "share_global_cumulative_flaring_co2",
  "Share of global cumulative CO2 emissions from cement": "share_global_cumulative_cement_co2",
  "Share of global cumulative CO2 emissions from other industry": "share_global_cumulative_other_co2",
  "Total including LUCF": "total_ghg",
  "Total including LUCF (per capita)": "ghg_per_capita",
  "Total excluding LUCF": "total_ghg_excluding_lucf",
  "Total excluding LUCF (per capita)": "ghg_excluding_lucf_per_capita",
  "Total including LUCF (CH4)": "methane",
  "Total including LUCF (per capita) (CH4)": "methane_per_capita",
  "Total including LUCF (N2O)": "nitrous_oxide",
  "Total including LUCF (per capita) (N2O)": "nitrous_oxide_per_capita",
  "Primary energy consumption (TWh)": "primary_energy_consumption",
  "Energy per capita (kWh)": "energy_per_capita",
  "Energy per GDP (kWh per $)": "energy_per_gdp",
  "Population (historical estimates)": "population",
  "GDP": "gdp"
}